,precision,recall,f1-score,support,ID_Entrenamiento,AUC
Clase 0,0.800524934383202,0.9902597402597403,0.8853410740203193,308.0,,
Clase 1,0.5268065268065268,0.6996904024767802,0.601063829787234,323.0,,
Clase 2,0.8946459412780656,0.683377308707124,0.774869109947644,758.0,,
accuracy,0.7552195824334054,0.7552195824334054,0.7552195824334054,0.7552195824334054,,
macro avg,0.7406591341559315,0.7911091504812148,0.7537580045850657,1389.0,,
weighted avg,0.7882374452392427,0.7552195824334054,0.7589484903958597,1389.0,,
AUC,0.9074924678589555,,,,Entrenamiento_21078,0.9074924678589555
