Modelo,Accuracy,AUC,Tiempo_Prediccion_s,Macro_F1,Macro_Recall,Macro_Precision,Precision_Clase_0,Recall_Clase_0,F1_Clase_0,Precision_Clase_1,Recall_Clase_1,F1_Clase_1,Precision_Clase_2,Recall_Clase_2,F1_Clase_2
prueba_modelo_Entrenamiento_86733,0.8363095238095238,0.9431467899659864,4.81,0.8383621438649902,0.8363095238095238,0.8421154153745521,0.9904761904761905,0.9285714285714286,0.9585253456221198,0.7377049180327869,0.8035714285714286,0.7692307692307693,0.7981651376146789,0.7767857142857143,0.7873303167420814
